City_ID,City,Lat,Lng,Max Temp,Humidity,Cloudiness,Wind Speed,Country,Date
0,port-aux-francais,-49.35,70.2167,1.93,76,86,15.59,TF,1699318419
1,arkhangel'sk,64.5401,40.5433,2.85,96,100,2.12,RU,1699318420
2,maracaibo,10.6317,-71.6406,27.04,84,100,2.7,VE,1699318319
3,newman,37.3138,-121.0208,20.72,72,100,1.79,US,1699318422
4,fomboni,-12.28,43.7425,27.07,76,0,7.15,KM,1699318422
5,bandundu,-3.3167,17.3667,22.4,96,100,1.16,CD,1699318423
6,luderitz,-26.6481,15.1594,14.36,82,0,4.65,NA,1699318424
7,arar,30.9753,41.0381,20.01,34,0,2.06,SA,1699318424
8,ilulissat,69.2167,-51.1,-12.49,69,16,4.18,GL,1699318425
9,albany,42.6001,-73.9662,8.1,66,25,0.89,US,1699318311
10,gemena,3.25,19.7667,21.91,99,100,0.61,CD,1699318427
11,college,64.8569,-147.8028,-6.97,89,99,0.77,US,1699318427
12,bilibino,68.0546,166.4372,-17.88,95,100,0.11,RU,1699318428
13,inarajan village,13.2736,144.7484,32.54,80,21,6.76,GU,1699318429
14,port saint john's,-31.6229,29.5448,20.91,96,100,2.66,ZA,1699318430
15,edinburgh of the seven seas,-37.0676,-12.3116,15.66,97,99,12.65,SH,1699318430
16,sao vicente,-23.9631,-46.3919,22.19,46,88,3.13,BR,1699318431
17,isfahan,32.6572,51.6776,1.8,48,16,0.58,IR,1699318134
18,baganga,7.5739,126.56,29.89,70,100,3.04,PH,1699318432
19,puerto ayora,-0.7393,-90.3518,25.31,87,61,4.02,EC,1699318433
20,zhalantun,48.0,122.7167,-10.67,73,11,2.13,CN,1699318422
21,taurage,55.2522,22.2897,9.12,87,100,5.8,LT,1699318434
22,bethel,41.3712,-73.414,10.36,85,71,1.54,US,1699318435
23,geraldton,-28.7667,114.6,22.23,64,100,8.23,AU,1699318436
24,caribou,46.8606,-68.012,-0.76,63,0,1.54,US,1699318437
25,stanley,54.868,-1.6985,7.01,92,0,2.57,GB,1699318439
26,isafjordur,66.0755,-23.124,1.65,89,100,4.56,IS,1699318440
27,ushuaia,-54.8,-68.3,10.81,94,40,5.14,AR,1699318441
28,grytviken,-54.2811,-36.5092,2.14,90,97,1.31,GS,1699318247
29,adamstown,-25.066,-130.1015,22.81,83,100,7.48,PN,1699318442
30,aasiaat,68.7098,-52.8699,-13.41,82,33,3.71,GL,1699318443
31,berekua,15.2333,-61.3167,27.68,81,66,4.36,DM,1699318443
32,pizarro,4.9533,-77.366,24.91,91,100,1.58,CO,1699318444
33,arno,60.1167,18.6333,5.99,94,100,2.04,SE,1699318445
34,lebu,-37.6167,-73.65,12.47,93,100,5.22,CL,1699318445
35,margaret river,-33.95,115.0667,18.21,61,11,5.68,AU,1699318446
36,tiksi,71.6872,128.8694,-22.64,96,99,3.15,RU,1699318447
37,lucapa,-8.4192,20.7447,18.15,99,92,0.96,AO,1699318448
38,tanjung sepat,2.6579,101.5629,27.08,89,20,1.54,MY,1699318448
39,tenno,39.9,139.9667,16.56,62,27,13.57,JP,1699318407
40,ta`u,-14.2336,-169.5144,26.55,83,100,10.01,AS,1699318451
41,smithers,54.7804,-127.1743,5.18,87,40,2.06,CA,1699318452
42,al jawf,29.5,38.75,21.58,48,0,0.19,SA,1699318453
43,itacarambi,-15.1022,-44.0919,23.89,84,100,2.06,BR,1699318454
44,leh,34.1667,77.5833,-1.9,41,2,1.11,IN,1699318456
45,keflavik,64.0049,-22.5624,3.24,87,75,8.75,IS,1699318456
46,berdigestyakh,62.0989,126.6992,-22.07,97,8,1.58,RU,1699318457
47,vernon,50.2581,-119.2691,8.75,93,100,0.45,CA,1699318458
48,kapuskasing,49.4169,-82.4331,-2.95,86,100,7.2,CA,1699318458
49,codrington,-38.2667,141.9667,24.0,40,92,2.55,AU,1699318459
50,fallon,39.4735,-118.7774,13.93,50,75,8.23,US,1699318460
51,wailua homesteads,22.0669,-159.378,23.44,90,100,7.2,US,1699318461
52,bamboo flat,11.7,92.7167,28.14,79,100,2.31,IN,1699318461
53,klyuchi,52.2667,79.1667,-1.85,71,94,3.32,RU,1699318462
54,waitangi,-43.9535,-176.5597,14.34,92,100,2.68,NZ,1699318463
55,kilinochchi,9.3961,80.3982,25.43,89,100,1.97,LK,1699318290
56,yellowknife,62.456,-114.3525,-5.33,97,100,4.47,CA,1699318464
57,petropavlovsk-kamchatsky,53.0452,158.6483,-3.67,63,0,7.0,RU,1699318204
58,kerikeri,-35.2268,173.9474,20.51,63,46,0.89,NZ,1699318466
59,manali,13.1667,80.2667,26.05,91,100,2.56,IN,1699318062
60,udachny,66.4167,112.4,-16.42,84,93,1.26,RU,1699318467
61,blackmans bay,-43.0167,147.3167,16.07,76,91,0.45,AU,1699318242
62,bredasdorp,-34.5322,20.0403,16.12,69,100,4.68,ZA,1699318469
63,whitehorse,60.7161,-135.0538,-1.57,87,75,5.66,CA,1699318248
64,villa gesell,-37.2639,-56.973,16.14,80,97,6.75,AR,1699318470
65,labytnangi,66.6572,66.4183,-3.03,97,100,1.24,RU,1699318471
66,roswell,34.0232,-84.3616,17.76,66,40,0.51,US,1699318472
67,bestobe,52.4994,73.0975,0.32,50,97,3.71,KZ,1699318472
68,kassala,15.451,36.4,27.7,61,72,3.85,SD,1699318473
69,tazovsky,67.4667,78.7,-14.07,93,100,6.26,RU,1699318474
70,west island,-12.1568,96.8225,25.99,78,100,5.14,CC,1699318475
71,walvis bay,-22.9575,14.5053,14.49,87,0,2.06,NA,1699318475
72,hadibu,12.65,54.0333,25.85,80,15,2.82,YE,1699318476
73,new norfolk,-42.7826,147.0587,16.72,43,98,0.87,AU,1699318477
74,qaqortoq,60.7167,-46.0333,0.7,55,100,6.56,GL,1699318477
75,chonchi,-42.6128,-73.8092,11.56,97,100,2.59,CL,1699318479
76,tamanrasset,22.785,5.5228,16.95,16,0,1.03,DZ,1699318396
77,utrik,11.2278,169.8474,27.87,74,28,9.26,MH,1699318481
78,narvik,68.4384,17.4272,1.32,91,98,1.11,NO,1699318482
79,kodiak,57.79,-152.4072,3.1,61,56,2.12,US,1699318483
80,atherton,53.5237,-2.4935,9.14,94,51,4.39,GB,1699317870
81,georgetown,5.4112,100.3354,28.3,92,20,1.54,MY,1699318366
82,bijie,27.3125,105.2942,13.79,83,64,2.08,CN,1699318485
83,nuuk,64.1835,-51.7216,-0.07,57,100,7.6,GL,1699318486
84,mwanza,-2.5167,32.9,20.88,77,100,0.59,TZ,1699318486
85,tralee,52.2704,-9.7026,9.47,84,19,6.16,IE,1699318487
86,tezu,27.9167,96.1667,18.99,51,0,1.39,IN,1699318488
87,iqaluit,63.7506,-68.5145,-10.15,85,100,3.6,CA,1699318489
88,izamal,20.9333,-89.0167,23.16,70,99,2.61,MX,1699318490
89,pariaman,-0.619,100.12,25.03,86,100,0.51,ID,1699318457
90,talnakh,69.4865,88.3972,-19.33,98,76,3.89,RU,1699318491
91,felipe carrillo puerto,19.5833,-88.05,23.01,90,100,1.53,MX,1699318492
92,mandalgovi,45.7625,106.2708,-11.71,56,50,8.3,MN,1699318493
93,bardai,11.65,7.2333,23.74,23,28,3.02,NG,1699318494
94,nogliki,51.8333,143.1667,-2.59,67,100,5.36,RU,1699318494
95,ipojuca,-8.3989,-35.0639,26.95,73,89,2.83,BR,1699318495
96,champerico,14.3,-91.9167,27.3,79,99,1.4,GT,1699318496
97,queenstown,-31.8976,26.8753,15.95,87,99,1.28,ZA,1699318279
98,polyarnyy,69.1989,33.4478,-1.12,96,100,0.88,RU,1699318497
99,ponta delgada,37.7333,-25.6667,17.4,63,40,4.63,PT,1699318498
100,zouerate,22.7187,-12.4521,20.15,46,100,6.55,MR,1699318499
101,bulolo,-7.2,146.65,29.38,65,100,1.18,PG,1699318500
102,tromso,69.6496,18.957,1.01,93,75,0.0,NO,1699318500
103,mbandaka,0.0487,18.2603,22.69,96,87,1.7,CD,1699318501
104,zeya,53.75,127.2667,-13.06,70,70,1.36,RU,1699318502
105,ribeira grande,38.5167,-28.7,18.45,67,100,10.91,PT,1699318503
106,nar'yan-mar,67.6713,53.087,1.73,100,100,8.94,RU,1699318503
107,moree,-29.4667,149.85,24.94,41,97,4.58,AU,1699318504
108,palma di montechiaro,37.1926,13.765,16.84,73,0,2.56,IT,1699318505
109,alice springs,-23.7,133.8833,33.75,8,7,5.66,AU,1699318323
110,ubari,26.5921,12.7805,22.11,21,0,2.84,LY,1699318506
111,afaahiti,-17.75,-149.2833,23.93,85,63,5.98,PF,1699318507
112,san mariano,7.5,126.0,27.92,77,100,1.8,PH,1699318508
113,punta arenas,-53.15,-70.9167,10.06,57,0,8.23,CL,1699318508
114,longyearbyen,78.2186,15.6401,-12.09,72,75,1.03,SJ,1699318509
115,mthatha,-31.5889,28.7844,16.91,95,100,2.05,ZA,1699318510
116,weno,7.4515,151.8468,27.79,78,94,5.31,FM,1699318510
117,jamestown,42.097,-79.2353,14.84,70,100,5.66,US,1699318511
118,tofol,5.3248,163.0078,28.88,79,100,3.09,FM,1699318512
119,praia da vitoria,38.7333,-27.0667,17.64,67,75,9.21,PT,1699318513
120,buka,40.8108,69.1986,14.75,27,100,1.6,UZ,1699318513
121,tokmok,42.8417,75.3016,11.33,20,71,1.29,KG,1699318514
122,kilindoni,-7.9139,39.6668,26.17,79,90,2.94,TZ,1699318515
123,conduaga,8.862,117.4893,30.03,66,34,1.3,PH,1699318515
124,puerto natales,-51.7236,-72.4875,4.87,91,63,1.89,CL,1699318516
125,yulinshi,38.2906,109.7494,4.39,29,91,1.3,CN,1699318517
126,princeville,45.7668,-61.2985,2.95,80,75,0.0,CA,1699318518
127,nelson,-41.2833,173.2833,15.99,53,95,1.23,NZ,1699318518
128,nizhniy kuranakh,58.8353,125.4869,-19.16,90,21,0.59,RU,1699318519
129,strathmore,51.0501,-113.3852,4.67,100,100,5.66,CA,1699318520
130,port mathurin,-19.6833,63.4167,24.58,77,6,4.92,MU,1699318520
131,gereida,11.2811,25.1414,27.72,31,94,3.39,SD,1699318521
132,vorgashor,67.5833,63.95,0.26,99,100,5.1,RU,1699318522
133,kintampo,8.0563,-1.7306,26.23,69,7,3.44,GH,1699318523
134,anadyr,64.75,177.4833,-14.72,77,0,6.0,RU,1699318325
135,arawa,-6.2132,155.5367,29.37,80,100,0.66,PG,1699318524
136,san luis de la loma,17.2706,-100.8939,26.77,84,43,1.18,MX,1699318525
137,fort bragg,35.139,-79.006,15.75,64,0,0.0,US,1699318270
138,minas de marcona,-15.2119,-75.1103,14.57,83,69,5.98,PE,1699318527
139,papatowai,-46.5619,169.4708,11.14,74,100,3.45,NZ,1699318528
140,thompson,55.7435,-97.8558,-6.91,63,75,1.54,CA,1699318529
141,san antonio de pale,-1.4014,5.6325,26.07,84,100,6.49,GQ,1699318530
142,mitsamiouli,-11.3847,43.2844,26.41,79,8,5.51,KM,1699318531
143,ola,59.5833,151.2833,-10.6,70,6,4.08,RU,1699318533
144,castro-urdiales,43.3829,-3.2204,11.17,78,2,3.19,ES,1699318534
145,carnarvon,-24.8667,113.6333,23.56,64,1,8.49,AU,1699318280
146,st. john's,47.5649,-52.7093,2.86,65,40,6.69,CA,1699318535
147,aginskoye,51.1,114.53,-12.15,84,100,1.55,RU,1699318289
148,shanwei,22.782,115.3475,24.62,67,57,5.88,CN,1699318538
149,leo,11.1,-2.1,25.92,34,0,1.06,BF,1699318539
150,porto torres,40.835,8.3972,16.1,75,100,3.9,IT,1699318539
151,pumiao,22.75,108.4833,18.22,71,100,1.49,CN,1699318540
152,kavieng,-2.5744,150.7967,28.91,75,97,4.22,PG,1699318541
153,port elizabeth,-33.918,25.5701,16.29,89,0,5.14,ZA,1699318541
154,ain defla,36.2641,1.9679,14.56,70,98,1.65,DZ,1699318542
155,saipan,15.1355,145.701,28.39,76,14,5.7,MP,1699318543
156,namibe,-15.1961,12.1522,18.94,72,82,1.63,AO,1699318544
157,lishui,28.4604,119.9103,17.33,61,100,0.47,CN,1699318544
158,halifax,44.6453,-63.5724,3.61,78,100,1.79,CA,1699318335
159,morteau,47.0667,6.6167,6.54,93,40,2.57,FR,1699318546
160,invercargill,-46.4,168.35,12.79,75,100,1.34,NZ,1699318547
161,kuala tungkal,-0.8167,103.4667,26.21,85,100,1.61,ID,1699318547
162,banjarmasin,-3.3244,114.591,29.08,59,79,1.51,ID,1699318073
163,oamaru,-45.0784,170.9801,12.68,64,38,6.23,NZ,1699318549
164,fort st. john,56.2499,-120.8529,-1.06,100,100,1.54,CA,1699318550
165,launceston,-41.45,147.1667,20.8,60,100,3.09,AU,1699318384
166,taroa,8.7058,171.2275,28.15,75,100,9.9,MH,1699318551
167,badger,64.8,-147.5333,-7.02,90,100,1.54,US,1699318552
168,rongelap,11.1635,166.8941,28.15,71,0,8.96,MH,1699318552
169,vilyuysk,63.7553,121.6247,-19.94,94,93,2.68,RU,1699318450
170,severodvinsk,64.5635,39.8302,2.85,97,100,2.81,RU,1699318554
171,lihue,21.9789,-159.3672,23.77,89,100,7.2,US,1699318555
172,okhotsk,59.3833,143.3,-15.19,80,0,8.72,RU,1699318555
173,cabo san lucas,22.8909,-109.9124,29.23,77,100,0.89,MX,1699318556
174,west valley,46.5921,-120.6051,10.84,77,100,4.02,US,1699318557
175,olonkinbyen,70.9221,-8.7187,-0.48,68,99,5.4,SJ,1699318557
176,timbuktu,16.7735,-3.0074,29.22,19,93,2.57,ML,1699318558
177,tura,25.5198,90.2201,18.29,81,0,1.39,IN,1699318316
178,gisborne,-38.6533,178.0042,16.12,64,40,5.76,NZ,1699318186
179,ixtapa,20.7,-105.2,24.49,91,28,0.73,MX,1699318560
180,menzelinsk,55.7271,53.1026,5.12,73,100,5.36,RU,1699318561
181,keetmanshoop,-26.5833,18.1333,12.51,66,0,5.66,NA,1699318385
182,colby,39.3958,-101.0524,13.79,50,0,3.09,US,1699318562
183,saldanha,-33.0117,17.9442,15.49,92,100,2.71,ZA,1699318563
184,winkler,49.1817,-97.941,-0.88,93,100,3.6,CA,1699318564
185,cavan,53.9908,-7.3606,8.44,92,99,4.6,IE,1699318565
186,constantia,44.1833,28.65,11.5,71,5,3.84,RO,1699318565
187,fort mcmurray,56.7268,-111.381,1.77,93,100,3.6,CA,1699318566
188,quellon,-43.1167,-73.6167,10.9,94,100,5.89,CL,1699318567
189,brookings,44.3114,-96.7984,7.88,85,100,4.12,US,1699318567
190,pacific grove,36.6177,-121.9166,17.59,89,40,2.24,US,1699318568
191,boda,4.3189,17.4695,22.59,88,97,1.04,CF,1699318569
192,east london,-33.0153,27.9116,18.92,93,100,7.43,ZA,1699318462
193,dudinka,69.4058,86.1778,-19.1,96,100,5.08,RU,1699318571
194,inirida,3.8653,-67.9239,22.76,99,93,0.97,CO,1699318571
195,nadym,65.5333,72.5167,-4.56,95,100,9.84,RU,1699318572
196,puerto deseado,-47.7503,-65.8938,15.2,48,41,7.02,AR,1699318573
197,susuman,62.7833,148.1667,-21.01,89,80,0.58,RU,1699318574
198,nova sintra,14.8667,-24.7167,23.82,74,79,7.89,CV,1699318574
199,saint-pierre,-21.3393,55.4781,21.98,81,31,4.28,RE,1699318575
200,qala i naw,34.9874,63.1289,16.08,54,98,1.17,AF,1699318577
201,egilsstadir,65.2653,-14.3948,0.95,93,75,1.03,IS,1699318577
202,bowen,-20.0167,148.2333,25.2,69,33,6.51,AU,1699318578
203,fisterra,42.9049,-9.2629,11.68,75,20,9.87,ES,1699318579
204,sitka,57.0531,-135.33,3.9,80,38,2.73,US,1699318580
205,ancud,-41.8697,-73.8203,10.89,87,55,8.16,CL,1699318580
206,shiguai,40.7058,110.2856,0.06,29,98,1.5,CN,1699318298
207,ashland,40.8167,-82.2665,18.31,73,100,8.14,US,1699318582
208,yung shue wan,22.2333,114.1167,26.0,67,83,0.89,HK,1699318582
209,cidreira,-30.1811,-50.2056,18.56,79,0,9.08,BR,1699318583
210,vila franca do campo,37.7167,-25.4333,17.23,99,20,4.23,PT,1699318584
211,bambari,5.768,20.6757,23.04,84,18,1.06,CF,1699318297
212,ust-nera,64.5667,143.2,-24.1,98,60,1.4,RU,1699318585
213,aktau,43.65,51.2,9.32,77,2,2.55,KZ,1699318586
214,holualoa,19.6228,-155.9522,25.99,80,1,0.89,US,1699318587
215,vodnyy,63.5046,53.4095,1.9,99,100,3.29,RU,1699318587
216,laojunmiao,39.8333,97.7333,0.19,38,64,1.61,CN,1699318588
217,mount pearl,47.5166,-52.7813,2.4,65,40,6.69,CA,1699318589
218,luganville,-15.5333,167.1667,27.28,74,100,5.92,VU,1699318589
219,la'ie,21.6477,-157.9253,29.14,71,11,4.92,US,1699318424
220,bologoye,57.8799,34.1068,5.97,93,100,4.11,RU,1699318591
221,padangsidempuan,1.3667,99.2667,24.13,93,100,0.21,ID,1699318592
222,laguna,38.421,-121.4238,19.86,59,0,4.63,US,1699318592
223,afif,23.9065,42.9172,20.41,61,100,1.22,SA,1699318593
224,edinburg,55.9521,-3.1965,8.91,87,20,4.63,GB,1699318594
225,flin flon,54.7682,-101.865,-6.09,86,100,2.57,CA,1699318595
226,nemuro,43.3236,145.575,13.85,100,100,3.14,JP,1699318469
227,huarmey,-10.0681,-78.1522,19.59,82,96,5.05,PE,1699318596
228,jeddah,21.5169,39.2192,27.92,44,0,3.09,SA,1699318379
229,nikolayevsk-on-amure,53.1406,140.73,-4.86,82,100,1.28,RU,1699318598
230,shagonar,51.5333,92.8,-9.57,87,100,0.92,RU,1699318599
231,kupang,-10.1667,123.5833,31.32,62,20,2.06,ID,1699318600
232,vecvarkava,56.1833,26.5167,8.91,89,100,5.28,LV,1699318601
233,nueva gerona,21.8833,-82.8,25.29,70,81,7.77,CU,1699318602
234,tabas,33.5959,56.9244,17.45,46,74,2.98,IR,1699318602
235,grand-bassam,5.2118,-3.7388,25.98,86,100,2.47,CI,1699318456
236,sechura,-5.5569,-80.8222,20.94,73,10,8.11,PE,1699318604
237,choyr,46.3611,108.3611,-11.95,86,40,7.23,MN,1699318605
238,labrador city,52.9463,-66.9114,-8.05,73,40,2.06,CA,1699318605
239,klamath falls,42.2249,-121.7817,7.25,69,100,3.58,US,1699318606
240,kiunga,-6.1219,141.2906,26.94,86,100,1.44,PG,1699318607
241,lively,46.4334,-81.1498,9.45,95,100,5.53,CA,1699318608
242,broken hill,-31.95,141.4333,30.77,26,60,8.58,AU,1699318608
243,lompoc,34.6391,-120.4579,19.45,89,75,6.71,US,1699318455
244,kill devil hills,36.0307,-75.676,17.21,87,0,1.54,US,1699318610
245,umaria,23.5333,80.8333,16.96,51,89,0.33,IN,1699318611
246,lannemezan,43.1252,0.384,5.55,91,63,1.99,FR,1699318611
247,sola,-13.8833,167.55,26.53,80,100,9.71,VU,1699318612
248,fale old settlement,-9.3852,-171.2468,27.85,80,100,4.29,TK,1699318613
249,yuzhno-kurilsk,44.0306,145.8556,15.01,96,100,6.33,RU,1699318614
250,midvagur,62.0511,-7.1939,6.46,87,100,4.63,FO,1699318615
251,hawaiian paradise park,19.5933,-154.9731,27.16,76,4,0.45,US,1699318616
252,sao paulo de olivenca,-3.3783,-68.8725,24.98,89,100,0.79,BR,1699318617
253,ugoofaaru,5.6667,73.0,26.8,79,100,3.07,MV,1699318618
254,leava,-14.3,-178.1667,27.67,73,100,7.94,WF,1699318526
255,la foa,-21.7108,165.8276,23.31,62,99,5.29,NC,1699318620
256,keelung,25.1283,121.7419,23.94,68,100,5.94,TW,1699318453
257,hammerfest,70.6634,23.6821,1.25,93,100,6.17,NO,1699318401
258,mili,6.0815,171.735,28.48,78,100,6.73,MH,1699318624
259,happy valley-goose bay,53.3168,-60.3315,-1.83,54,20,7.72,CA,1699318624
260,qusmuryn,52.4503,64.6311,1.74,62,96,3.27,KZ,1699318625
261,sarikei,2.1167,111.5167,26.88,89,98,0.79,MY,1699318626
262,piti village,13.4626,144.6933,32.49,76,20,5.14,GU,1699318626
263,plesetsk,62.708,40.2916,1.95,99,100,1.89,RU,1699318627
264,colonia,50.9333,6.95,9.93,85,20,4.63,DE,1699318279
265,yusufeli,40.8204,41.5443,13.74,88,100,1.89,TR,1699318629
266,urucara,-2.5364,-57.76,29.89,58,100,1.11,BR,1699318630
267,shubarkuduk,49.1447,56.4872,6.01,80,79,4.8,KZ,1699318631
268,gizo,-8.103,156.8419,27.96,78,100,1.64,SB,1699318631
269,greymouth,-42.4667,171.2,15.16,56,33,4.58,NZ,1699318632
270,dunedin,-45.8742,170.5036,13.22,69,59,2.68,NZ,1699318335
271,severo-yeniseyskiy,60.3725,93.0408,-13.57,99,92,0.89,RU,1699318633
272,meulaboh,4.1363,96.1285,25.25,89,100,1.1,ID,1699318634
273,port alfred,-33.5906,26.891,16.21,98,100,2.68,ZA,1699318635
274,nova vicosa,-17.8919,-39.3719,23.6,67,8,5.65,BR,1699318636
275,taulaga,-11.0553,-171.0883,27.59,79,100,5.34,AS,1699318636
276,yutan,28.25,112.55,16.89,42,0,2.33,CN,1699318637
277,san jose del guaviare,2.5729,-72.6459,23.44,95,42,0.93,CO,1699318638
278,prado,-17.3411,-39.2208,23.75,66,59,4.59,BR,1699318638
279,bonthe,7.5264,-12.505,26.26,86,100,1.41,SL,1699318639
280,manggar,-2.8833,108.2667,28.59,75,100,3.29,ID,1699318640
281,hamilton,39.1834,-84.5333,20.87,58,100,1.79,US,1699318641
282,jwaneng,-24.6004,24.7303,19.74,81,85,1.44,BW,1699318641
283,pacasmayo,-7.4006,-79.5714,19.71,82,77,6.63,PE,1699318642
284,grand falls-windsor,48.9332,-55.6649,0.28,71,26,0.45,CA,1699318643
285,dubbo,-32.25,148.6167,25.07,44,40,6.17,AU,1699318214
286,port blair,11.6667,92.75,28.18,78,99,2.33,IN,1699318504
287,north ward,-19.2454,146.8075,28.95,54,20,8.23,AU,1699318645
288,kone,-21.0595,164.8658,26.68,52,98,4.16,NC,1699318645
289,masuguru,-11.3667,38.4167,24.36,79,11,1.78,TZ,1699318646
290,panacan,9.2463,118.4082,29.45,74,100,4.08,PH,1699318647
291,brandon,27.9378,-82.2859,21.69,67,0,1.34,US,1699318648
292,howrah,22.5892,88.3103,23.0,83,20,2.06,IN,1699318496
293,klaksvik,62.2266,-6.589,6.51,82,100,4.8,FO,1699318650
294,kingscliff,-28.2667,153.5667,23.76,64,75,6.17,AU,1699318650
295,hsinchu,24.8036,120.9686,26.03,53,33,4.47,TW,1699317903
296,remire-montjoly,4.9167,-52.2667,28.02,83,40,1.54,GF,1699318652
297,uturoa,-16.7333,-151.4333,25.82,81,8,6.41,PF,1699318653
298,sao joao da barra,-21.6403,-41.0511,22.05,74,14,4.23,BR,1699318653
299,kyshtovka,56.555,76.6271,-5.92,98,100,1.79,RU,1699318654
300,kapa'a,22.0752,-159.319,24.18,89,100,7.2,US,1699318655
301,at taj,24.2049,23.2857,19.78,26,0,4.37,LY,1699318656
302,khvoynaya,58.9,34.5333,5.11,96,100,3.3,RU,1699318657
303,ribas do rio pardo,-20.4431,-53.7592,24.78,32,6,3.45,BR,1699318658
304,jingmen,31.0336,112.2047,14.26,46,0,2.03,CN,1699318659
305,presidencia de la plaza,-27.0015,-59.8424,25.56,56,29,4.55,AR,1699318659
306,sao sebastiao,-23.76,-45.4097,18.94,80,21,2.42,BR,1699318660
307,elliot lake,46.3834,-82.6331,8.48,93,100,5.16,CA,1699318661
308,kaspiyskiy,45.3929,47.3707,14.76,86,100,6.23,RU,1699318662
309,male,4.1748,73.5089,25.97,100,100,4.12,MV,1699318418
310,aquin,18.2833,-73.4,26.24,79,21,1.35,HT,1699318663
311,pimentel,-6.8367,-79.9342,21.16,73,0,7.72,PE,1699318664
312,cruzilia,-21.8386,-44.8083,14.25,77,0,3.17,BR,1699318665
313,gadzhiyevo,69.2551,33.3362,-1.35,97,100,0.85,RU,1699318665
314,kingston,17.997,-76.7936,28.53,86,20,4.12,JM,1699318591
315,port lincoln,-34.7333,135.8667,17.06,63,12,5.04,AU,1699318667
316,as sulayyil,20.4607,45.5779,25.14,45,100,3.94,SA,1699318415
317,olinda,-8.0089,-34.8553,26.85,78,40,2.57,BR,1699318668
318,tolanaro,-25.0319,46.9987,22.04,78,20,9.26,MG,1699318669
319,rundu,-17.9333,19.7667,22.64,66,40,2.46,NA,1699318670
320,essaouira,31.5125,-9.77,18.72,52,75,7.72,MA,1699318670
321,lagos,6.5833,3.75,25.24,91,100,0.47,NG,1699318671
322,hermanus,-34.4187,19.2345,15.82,85,100,6.43,ZA,1699318672
323,vadso,70.0744,29.7487,1.09,93,75,4.12,NO,1699318673
324,kargil,34.5667,76.1,-4.05,53,0,0.7,IN,1699318673
325,palmer,42.1584,-72.3287,9.23,73,100,0.45,US,1699318674
326,arraial do cabo,-22.9661,-42.0278,21.98,56,75,4.63,BR,1699318675
327,preobrazheniye,42.9019,133.9064,4.31,67,100,5.83,RU,1699318676
328,prince rupert,54.3161,-130.3201,7.83,91,100,5.66,CA,1699318677
329,touros,-5.1989,-35.4608,27.05,69,89,4.56,BR,1699318677
330,xixiang,35.1628,112.865,11.81,32,0,0.77,CN,1699318678
331,flying fish cove,-10.4217,105.6791,27.82,78,75,4.12,CX,1699318679
332,barra de santo antonio,-9.4047,-35.5072,24.6,81,81,3.07,BR,1699318680
333,kununurra,-15.7667,128.7333,30.99,66,11,2.06,AU,1699318570
334,ciudad guayana,8.3533,-62.6528,28.62,81,100,2.41,VE,1699318682
335,kidal,18.4411,1.4078,25.27,11,0,1.97,ML,1699318151
336,thunder bay,48.4001,-89.3168,-0.01,86,100,4.63,CA,1699318683
337,enewetak,11.3474,162.3373,28.54,77,100,9.22,MH,1699318684
338,mahajanga,-15.7167,46.3167,26.01,78,20,2.06,MG,1699318685
339,linxia chengguanzhen,35.6003,103.2064,4.56,42,88,0.7,CN,1699318686
340,rio grande,-32.035,-52.0986,18.06,81,0,7.93,BR,1699318435
341,az zuwaytinah,30.9522,20.1202,21.57,63,0,2.78,LY,1699318687
342,sisimiut,66.9395,-53.6735,-5.82,64,100,6.56,GL,1699318688
343,palikir - national government center,6.9248,158.1611,28.47,84,100,2.57,FM,1699318688
344,qinzhou,21.95,108.6167,20.68,68,92,4.17,CN,1699318689
345,muroto-misakicho,33.2833,134.15,20.15,66,11,7.23,JP,1699318690
346,licata,37.1071,13.9461,17.91,74,0,2.7,IT,1699318691
347,tarko-sale,64.9225,77.785,-10.28,93,100,6.78,RU,1699318691
348,penticton,49.4806,-119.5858,8.66,97,100,0.51,CA,1699318692
349,nizhniy lomov,53.5304,43.6766,9.51,94,100,2.89,RU,1699318693
350,burang,30.25,81.1667,-2.65,70,3,1.17,CN,1699318580
351,brainerd,46.358,-94.2008,2.16,89,100,0.45,US,1699318694
352,ambatondrazaka,-17.8333,48.4167,19.07,88,100,2.17,MG,1699318695
353,zeribet el oued,34.6828,6.5111,23.07,33,100,2.47,DZ,1699318696
354,mariinsk,56.2139,87.7472,-7.94,98,96,0.95,RU,1699318697
355,ulladulla,-35.35,150.4667,26.54,51,8,6.16,AU,1699318697
356,woolgoolga,-30.1106,153.2007,22.25,71,85,2.86,AU,1699318698
357,mount gambier,-37.8333,140.7667,22.74,39,6,2.87,AU,1699318699
358,bontang,0.1333,117.5,28.06,78,75,0.54,ID,1699318699
359,chandbali,20.7833,86.7667,22.27,73,25,2.22,IN,1699318700
360,yemel'yanovo,56.1681,92.6767,-4.4,92,40,0.0,RU,1699318701
361,vilyuchinsk,52.9306,158.4028,-2.85,63,25,3.12,RU,1699318702
362,krasnyy chikoy,50.3643,108.7512,-8.62,82,100,4.18,RU,1699318702
363,marat,25.0701,45.4615,21.8,40,100,2.76,SA,1699318703
364,puerto santa,-8.9906,-78.6456,18.76,87,23,5.57,PE,1699318704
365,buta,2.7858,24.73,21.14,99,100,0.63,CD,1699318705
366,mejit,10.2753,170.8646,27.95,74,58,9.48,MH,1699318705
367,xilin hot,43.9667,116.0333,-4.72,73,10,4.45,CN,1699318706
368,taoudenni,22.6783,-3.9836,26.68,22,0,3.87,ML,1699318707
369,chortoq,41.0666,71.8553,8.97,22,17,1.85,UZ,1699318707
370,burela de cabo,43.65,-7.4,9.54,86,100,7.92,ES,1699318708
371,la passe,45.5549,-0.8967,11.1,72,90,5.07,FR,1699318709
372,barakani,-12.1356,44.4317,26.19,78,1,5.44,KM,1699318710
373,cimislia,46.52,28.7842,6.08,61,0,1.62,MD,1699318710
374,kerben,40.2951,72.1863,4.28,25,94,0.49,KG,1699318711
375,ghat,24.9647,10.1728,22.1,18,0,2.22,LY,1699318712
376,camapua,-19.5314,-54.0439,27.15,27,5,3.29,BR,1699318712
377,ginir,7.1333,40.7,12.71,87,49,2.15,ET,1699318713
378,kattivakkam,13.2167,80.3167,26.05,91,100,2.37,IN,1699318715
379,gotsucho,35.0,132.2167,15.58,59,45,8.49,JP,1699318715
380,hays,30.0502,-98.0336,23.42,70,100,1.79,US,1699318716
381,port augusta,-32.5,137.7667,26.41,32,0,5.67,AU,1699318717
382,koesan,36.8108,127.7947,6.55,61,8,6.14,KR,1699318718
383,karratha,-20.7377,116.8463,36.48,22,100,10.46,AU,1699318484
384,hell-ville,-13.4,48.2667,26.93,71,19,1.42,MG,1699318719
385,bratsk,56.1325,101.6142,-13.73,94,86,1.21,RU,1699318720
386,santo antonio do ica,-3.1022,-67.9397,25.37,86,13,1.1,BR,1699318721
387,puerto colombia,10.9878,-74.9547,27.05,79,99,1.74,CO,1699318721
388,luang namtha,20.9497,101.4011,22.01,100,75,1.03,LA,1699318722
389,kemin,42.7846,75.6892,9.29,28,71,3.11,KG,1699318723
390,uzyn,49.8262,30.4149,10.28,73,100,5.71,UA,1699318724
391,jega,12.2175,4.3792,25.48,22,58,3.22,NG,1699318724
392,waat,51.1454,6.4958,10.15,90,20,3.6,DE,1699318725
393,konarka,19.9,86.1167,24.22,76,32,2.98,IN,1699318726
394,mayaguez,18.2011,-67.1396,27.38,71,58,1.8,PR,1699318727
395,newcastle west,52.4492,-9.0611,8.62,90,39,4.25,IE,1699318727
396,shingu,33.7333,135.9833,17.88,71,100,3.94,JP,1699318728
397,punta santiago,18.1663,-65.7482,27.86,84,25,0.89,PR,1699318729
398,middlesboro,36.6084,-83.7166,18.05,76,0,0.0,US,1699318730
399,ganshui,28.7422,106.7111,17.74,76,98,1.68,CN,1699318730
400,lejanias,3.5251,-74.0216,21.27,96,62,1.76,CO,1699318731
401,tabou,4.423,-7.3528,25.72,88,100,2.61,CI,1699318732
402,coquimbo,-29.9533,-71.3436,14.85,77,20,3.6,CL,1699318732
403,xiantao,30.3833,113.4,15.93,44,0,2.32,CN,1699318733
404,timimoun,29.2639,0.231,21.21,14,0,1.54,DZ,1699318734
405,ain sefra,32.75,-0.5833,9.8,85,5,3.89,DZ,1699318735
406,atafu village,-8.5421,-172.5159,29.03,73,99,3.93,TK,1699318735
407,kolwezi,-10.7148,25.4667,16.67,95,100,2.81,CD,1699318205
408,tanumah,27.1,44.1333,21.8,33,0,1.91,SA,1699318737
409,kosh-agach,50.0,88.6667,-14.83,87,100,0.45,RU,1699318738
410,westport,41.1415,-73.3579,11.15,82,100,3.58,US,1699318739
411,choibalsan,48.0667,114.5,-13.85,86,100,1.75,MN,1699318739
412,saynshand,44.8824,110.1163,-9.01,79,67,3.68,MN,1699318740
413,figuig (centre),32.1089,-1.2286,13.64,64,0,5.49,MA,1699318741
414,tazacorte,28.629,-17.9293,20.54,68,100,6.69,ES,1699318742
415,iskateley,67.6803,53.1512,1.68,100,100,8.94,RU,1699318743
416,mramani,-12.3464,44.5286,25.84,80,6,4.74,KM,1699318743
417,portland,45.5234,-122.6762,12.69,93,100,6.71,US,1699318572
418,mugia,43.1041,-9.2179,11.76,76,21,9.6,ES,1699318745
419,hurricane,37.1753,-113.2899,25.19,22,0,0.45,US,1699318745
420,belogorsk,50.9158,128.4611,-11.18,75,100,4.92,RU,1699318746
421,illizi,26.4833,8.4667,20.89,13,0,3.56,DZ,1699318748
422,tual,-5.6667,132.75,27.6,81,100,5.86,ID,1699318749
423,dzuunmod,48.2199,97.3744,-17.62,72,100,1.64,MN,1699318749
424,chui,-33.6971,-53.4616,15.03,87,0,5.07,UY,1699318750
425,avarua,-21.2078,-159.775,24.03,60,75,5.14,CK,1699318751
426,urengoy,65.9667,78.3667,-12.93,94,100,5.6,RU,1699318752
427,el calafate,-50.3408,-72.2768,7.96,65,85,3.16,AR,1699318753
428,berezovo,63.9381,65.0419,1.56,95,89,4.61,RU,1699318754
429,leshan,29.5623,103.7639,18.49,69,98,0.54,CN,1699318494
430,gamboma,-1.8764,15.8644,23.75,90,100,1.4,CG,1699318755
431,terme,41.2092,36.9739,17.58,83,66,0.43,TR,1699318756
432,pisco,-13.7,-76.2167,19.03,88,0,8.23,PE,1699318757
433,tobelo,1.7284,128.0095,29.72,66,18,0.84,ID,1699318757
434,rawah,34.4816,41.9093,20.48,37,0,3.6,IQ,1699318758
435,topeka,39.0483,-95.678,17.41,70,98,3.01,US,1699318759
436,ausa,41.9271,2.2497,11.37,91,4,1.24,ES,1699318760
437,katsuura,35.1333,140.3,24.01,86,52,14.89,JP,1699318575
438,luanda,-8.8368,13.2343,26.0,83,100,3.09,AO,1699318761
439,amahai,-3.3333,128.9167,28.43,77,84,2.36,ID,1699318762
440,cabedelo,-6.9811,-34.8339,26.37,70,91,3.77,BR,1699318762
441,heihe,50.2441,127.4902,-9.19,71,100,5.92,CN,1699318763
442,alto araguaia,-17.3147,-53.2153,29.0,34,72,1.93,BR,1699318764
443,whangarei,-35.7317,174.3239,18.72,36,54,2.05,NZ,1699318765
444,beau vallon,-20.4189,57.6953,23.13,88,75,1.54,MU,1699318766
445,bermeo,43.4209,-2.7215,9.58,73,41,4.9,ES,1699318767
446,lagunas,-5.2269,-75.6753,24.04,78,19,0.56,PE,1699318767
447,coeur d'alene,47.6777,-116.7805,9.31,88,100,5.66,US,1699318768
448,san patricio,28.017,-97.5169,24.91,76,100,5.16,US,1699318769
449,ejido,8.5514,-71.2375,20.08,94,47,2.23,VE,1699318770
450,vegreville,53.5001,-112.0518,2.17,100,3,5.14,CA,1699318770
451,holmsund,63.706,20.3641,1.97,100,100,4.02,SE,1699318771
452,alaghsas,17.0187,8.0168,24.39,15,4,4.45,NE,1699318772
453,nchelenge,-9.3451,28.734,21.68,84,100,3.05,ZM,1699318772
454,jamaame,0.0697,42.745,25.25,87,100,1.63,SO,1699318773
455,coruripe,-10.1256,-36.1756,25.49,80,65,4.38,BR,1699318774
456,castelnovo ne'monti,44.4356,10.4033,11.13,90,20,2.71,IT,1699318775
457,dzhambeyty,50.2536,52.595,7.31,73,100,5.87,KZ,1699318775
458,nacala,-14.5428,40.6728,24.69,90,21,2.77,MZ,1699318776
459,phitsanulok,16.9167,100.5,25.06,84,41,0.91,TH,1699318777
460,pathein,16.7833,94.7333,26.06,86,48,1.9,MM,1699318778
461,zuunmod,47.7069,106.9528,-12.43,92,100,4.56,MN,1699318778
462,ati,13.2154,18.3353,27.48,17,100,4.64,TD,1699318780
463,camrose,53.0168,-112.8353,0.74,78,32,3.2,CA,1699318780
464,santa marinella,42.0345,11.8536,16.95,90,100,4.55,IT,1699318781
465,santa ana,33.7456,-117.8678,24.64,69,0,1.34,US,1699318782
466,oodweyne,9.4092,45.064,21.48,59,90,1.9,SO,1699318783
467,green river,41.5286,-109.4662,11.77,38,100,0.45,US,1699318784
468,bandarbeyla,9.4942,50.8122,25.81,83,100,5.32,SO,1699318784
469,gotse delchev,41.5667,23.7333,11.73,75,0,1.59,BG,1699318785
470,taro,-8.3862,115.28,24.0,51,100,1.31,ID,1699318786
471,sao gabriel da cachoeira,-0.1303,-67.0892,24.05,98,95,0.61,BR,1699318787
472,lokhvytsya,50.3678,33.2602,8.85,83,7,5.63,UA,1699318788
473,moquegua,-17.1956,-70.9353,19.65,47,79,0.76,PE,1699318788
474,sarina,-21.4333,149.2167,25.13,66,30,5.45,AU,1699318789
475,babana,10.4295,3.815,25.57,54,96,1.06,NG,1699318790
476,uliastay,47.7417,96.8444,-17.42,76,100,2.1,MN,1699318791
477,tanjung pandan,-2.75,107.65,28.46,73,100,2.35,ID,1699318792
478,ciudad de armeria,18.9333,-103.9667,25.73,84,8,0.29,MX,1699318793
479,tahara,34.6667,137.2667,20.58,62,100,12.13,JP,1699318793
480,morro do chapeu,-11.55,-41.1561,19.79,90,79,5.29,BR,1699318795
481,saudarkrokur,65.7461,-19.6394,-0.18,73,100,2.43,IS,1699318795
482,nyala,12.05,24.8833,25.36,26,27,4.46,SD,1699318796
483,zarghun shahr,32.8473,68.4457,8.13,74,100,2.05,AF,1699318797
484,labasa,-16.4167,179.3833,29.73,63,100,5.25,FJ,1699318798
485,voru,57.8339,27.0194,6.97,96,100,3.16,EE,1699318799
486,soio,-6.1349,12.3689,25.72,89,100,3.5,AO,1699318799
487,gournay-en-bray,49.4828,1.7247,8.97,96,96,5.61,FR,1699318800
488,haiku-pauwela,20.9219,-156.3051,29.03,55,0,10.02,US,1699318801
489,san ignacio,17.1561,-89.0714,25.08,100,75,0.0,BZ,1699318803
490,kavaratti,10.5669,72.642,28.2,71,100,0.62,IN,1699318805
491,burao,9.5221,45.5336,21.23,60,50,2.39,SO,1699318807
492,narva,59.3772,28.1903,6.36,97,100,1.51,EE,1699318293
493,uige,-7.6087,15.0613,19.22,93,44,0.61,AO,1699318809
494,peace river,56.2501,-117.286,-1.61,98,64,0.89,CA,1699318810
495,penzance,50.1186,-5.5371,11.54,68,7,10.7,GB,1699318309
496,contamana,-7.3333,-75.0167,23.76,82,69,0.97,PE,1699318812
497,sheridan,44.8333,-106.9173,12.61,51,100,0.89,US,1699318815
498,saint-philippe,-21.3585,55.7679,20.06,87,57,3.65,RE,1699318816
499,abepura,-2.6333,140.5833,31.45,55,20,5.14,ID,1699318817
500,antsiranana,-12.2787,49.2917,24.72,81,27,6.87,MG,1699318818
501,vicovu de jos,47.9,25.7333,5.07,86,0,2.3,RO,1699318819
502,yinchuan,38.4681,106.2731,6.27,18,100,0.15,CN,1699318782
503,guarapari,-20.6667,-40.4975,22.16,74,76,4.45,BR,1699318821
504,oeiras do para,-2.0031,-49.8544,24.83,91,77,1.6,BR,1699318822
505,nguigmi,14.2495,13.1092,25.73,20,61,5.08,NE,1699318823
506,chake chake,-5.2459,39.7666,24.54,88,96,1.89,TZ,1699318765
507,jimma,7.6667,36.8333,13.86,95,73,0.39,ET,1699318825
508,bernalda,40.4128,16.692,16.75,74,1,2.02,IT,1699318826
509,kimbe,-5.5502,150.1429,30.07,71,78,0.7,PG,1699318827
510,galle,6.0367,80.217,25.33,83,45,0.75,LK,1699318609
511,vikhorevka,56.1201,101.1636,-13.23,98,93,1.03,RU,1699318828
512,pemangkat,1.1667,108.9667,26.13,85,99,2.45,ID,1699318829
513,mudukulattur,9.3417,78.5139,25.88,83,100,3.17,IN,1699318830
514,santa cruz,-17.8,-63.1667,28.28,40,17,1.51,BO,1699318831
515,archangelos,36.2149,28.1149,21.84,82,0,4.19,GR,1699318832
516,necochea,-38.5473,-58.7368,16.99,66,36,5.21,AR,1699318833
517,kindu,-2.95,25.95,20.85,99,100,0.86,CD,1699318834
518,axim,4.8699,-2.2405,25.97,87,100,1.25,GH,1699318657
519,nago,26.5881,127.9761,23.44,67,63,7.66,JP,1699318691
520,praia,14.9215,-23.5087,25.93,76,100,7.13,CV,1699318836
521,chul'man,56.8479,124.9104,-21.78,94,47,0.38,RU,1699318837
522,brigantine,39.4101,-74.3646,14.45,86,100,6.71,US,1699318838
523,jayapura,-2.5333,140.7,31.66,82,100,1.29,ID,1699318318
524,robore,-18.3333,-59.75,28.72,41,5,1.47,BO,1699318839
525,hilo,19.7297,-155.09,28.12,71,1,1.34,US,1699318840
526,bandar lampung,-5.4254,105.258,28.22,74,55,1.6,ID,1699318586
527,mancio lima,-7.6142,-72.8958,25.88,77,85,1.34,BR,1699318842
528,tanhacu,-14.0214,-41.2481,22.6,78,100,2.41,BR,1699318844
529,hami,42.8,93.45,1.24,29,40,2.97,CN,1699318845
530,enriquillo,17.9,-71.2333,25.73,86,13,2.06,DO,1699318846
531,banda aceh,5.5577,95.3222,27.16,79,100,0.87,ID,1699318847
532,notodden,59.5594,9.2585,4.73,91,93,1.6,NO,1699318848
533,mary,37.0,62.5,16.96,64,18,5.03,TM,1699318849
534,ardestan,33.3761,52.3694,15.18,46,31,1.63,IR,1699318850
535,siverskiy,59.3544,30.0783,5.07,90,100,1.44,RU,1699318850
536,maridi,4.9158,29.4742,19.84,95,76,1.15,SS,1699318851
537,bela,25.9333,81.9833,19.88,49,28,1.07,IN,1699318852
538,khanty-mansiysk,61.0042,69.0019,-5.94,93,0,3.13,RU,1699318853
539,marquelia,16.5833,-98.8167,27.07,81,36,0.82,MX,1699318854
540,ghanzi,-21.5667,21.7833,20.89,75,100,3.27,BW,1699318856
541,la ronge,55.1001,-105.2842,-1.92,88,100,5.17,CA,1699318857
542,soufriere,13.8562,-61.0566,27.16,87,80,6.68,LC,1699318858
543,bubaque,11.2833,-15.8333,29.14,76,9,6.36,GW,1699318859
544,kalemie,-5.9475,29.1947,20.29,92,99,2.68,CD,1699318861
545,sibolga,1.7427,98.7792,25.36,89,100,0.59,ID,1699318862
546,bengkulu,-3.8004,102.2655,25.24,90,100,1.23,ID,1699318864
547,islamkot,24.6997,70.177,24.82,37,0,2.21,PK,1699318865
548,dickson,36.077,-87.3878,19.39,67,40,3.6,US,1699318866
549,pirallahi,40.4723,50.333,17.08,83,30,13.78,AZ,1699318868
550,elkins,38.9259,-79.8467,14.74,66,0,0.0,US,1699318868
551,manta,-0.95,-80.7333,24.1,79,39,2.91,EC,1699318869
552,cartagena,10.3997,-75.5144,27.01,82,100,1.24,CO,1699318870
553,mokhsogollokh,61.4681,128.9203,-22.44,96,91,1.48,RU,1699318871
554,opuwo,-18.0607,13.84,16.8,29,49,1.54,NA,1699318872
555,san julian,21.0167,-102.1667,17.64,23,13,2.13,MX,1699318872
556,anchorage,61.2181,-149.9003,0.07,93,100,1.54,US,1699318866
557,tarauaca,-8.1614,-70.7656,26.67,63,94,1.39,BR,1699318874
558,aripuana,-9.1667,-60.6333,25.5,81,83,0.37,BR,1699318875
559,cockburn town,21.4612,-71.1419,27.63,72,100,2.89,TC,1699318875
560,awjilah,29.1081,21.2869,21.76,42,0,2.49,LY,1699318876
561,north bend,43.4065,-124.2243,13.81,94,100,4.12,US,1699318878
562,freeport,40.6576,-73.5832,13.34,85,100,1.79,US,1699318879
563,roma,43.2128,-75.4557,9.85,70,100,3.6,US,1699318880
564,petoskey,45.3733,-84.9553,12.79,89,100,6.71,US,1699318880
565,siemiatycze,52.4272,22.8623,8.03,84,75,5.8,PL,1699318881
